[{"NAME_RU":"Заповедные жемчужины России","NAME_EN":"Reserve pearls in Russia","DESCRIPTION_RU":"Цикл фильмов в формате 360 градусов переносит зрителя в удивительные места нашей страны. Уникальный формат съемки вызывает ощущение присутствия – как будто вы наблюдаете за птицами дельты реки Волга или дышите северным воздухом лесов Кольского полуострова. Приятного просмотра!","DESCRIPTION_EN":"The cycle of films in the format of 360 degrees transfers the viewer to amazing places of our country. A unique shooting format causes a feeling of presence - as if you were watching the birds of the Volga River or breathe the northern air of the forests of the Kola Peninsula. Enjoy watching!","COVER_RU":"4087_ZZ_Obshiy_RUS_360.png","COVER_EN":"9199_ZZ_Obshiy_ENG_360.png","INNER_NAME_RU":null,"ID_RU":"4087","PRICE":"315 РУБ","AGE":"6+","INNER_NAME_EN":null,"ID_EN":"9199","LAND":"Россия","DURATION":"10 минут","PUBLISHER":"Planetpics","YEAR":"2017","Id":"1"},{"NAME_RU":"Заповедия","NAME_EN":"Commanding","DESCRIPTION_RU":"Цикл фильмов в формате 360 градусов переносит зрителя в удивительные места нашей страны. Уникальный формат съемки вызывает ощущение присутствия – как будто вы наблюдаете за птицами дельты реки Волга или дышите северным воздухом лесов Кольского полуострова. Приятного просмотра!","DESCRIPTION_EN":"The cycle of films in the format of 360 degrees transfers the viewer to amazing places of our country. A unique shooting format causes a feeling of presence - as if you were watching the birds of the Volga River or breathe the northern air of the forests of the Kola Peninsula. Enjoy watching!","COVER_RU":"3338_ZPD_Obshiy_RUS_360.png","COVER_EN":"9160_ZPD_Obshiy_ENG_360.png","INNER_NAME_RU":null,"ID_RU":"3338","PRICE":"315 РУБ","AGE":"6+","INNER_NAME_EN":null,"ID_EN":"9160","LAND":"Россия","DURATION":"10 минут","PUBLISHER":"Planetpics","YEAR":"2017","Id":"2"},{"NAME_RU":"Плато Путорана","NAME_EN":"Putoran plateau","DESCRIPTION_RU":"В суровом заполярном краю раскинулась земля столовых гор и бескрайних просторов. Королевство водопадов и озер – второе по объему хранилище пресной воды России. Плато Путорана. В этом фильме мы пролетим над крупнейшими водопадами, увидим результат древней вулканической активности, а также познакомимся с главным архитектором тех мест, Водой.","DESCRIPTION_EN":"In the harsh polar region, the land of the dining rooms and endless open spaces spread. The kingdom of waterfalls and lakes is the second largest storage of fresh water in Russia. Putoran plateau. In this film, we will fly over the largest waterfalls, see the result of ancient volcanic activity, and also get acquainted with the chief architect of those places, water.","COVER_RU":"3343_H2O_Plato Putorana_RUS.png","COVER_EN":"8717_H2O_Plato Putorana_ENG.png","INNER_NAME_RU":null,"ID_RU":"3343","PRICE":"315 РУБ","AGE":"6+","INNER_NAME_EN":null,"ID_EN":"8712","LAND":"Россия","DURATION":"10 минут","PUBLISHER":"Planetpics","YEAR":"2017","Id":"3"},{"NAME_RU":"Отрывок из концерта. Испонитель Максим Свобода","NAME_EN":"-","DESCRIPTION_RU":"Концерт СвобоDы в VR! Самые лучшие места в зале, любимые артисты на расстоянии вытянутой руки -- Кристина Кошелева с песнями \"Тише\", \"Стена белая\". Максим Свобода с песней \"Котенок у проруби\".","DESCRIPTION_EN":"-","COVER_RU":"7693_Maxim-Freedom.png","COVER_EN":"-","INNER_NAME_RU":null,"ID_RU":"7693","PRICE":"315 РУБ","AGE":"0+","INNER_NAME_EN":null,"ID_EN":"-","LAND":"Россия","DURATION":"12 минут","PUBLISHER":"Lookport","YEAR":"2020","Id":"4"},{"NAME_RU":"Отрывок из музыкального видео.\n Группа Pompeya","NAME_EN":"-","DESCRIPTION_RU":"Съезди в музыкальное путешествие на яхте вдоль берегов Испании вместе с любимой группой Pompeya.\n Ощути как они играют специально для тебя","DESCRIPTION_EN":"-","COVER_RU":"5242_Pompeya.png","COVER_EN":"-","INNER_NAME_RU":null,"ID_RU":"5242","PRICE":"330 РУБ","AGE":"0+","INNER_NAME_EN":null,"ID_EN":"-","LAND":"Россия","DURATION":"17 минут","PUBLISHER":"Lookport","YEAR":"2019","Id":"5"},{"NAME_RU":"Открывок из музыкального видео.\n Исполнитель Sunsay","NAME_EN":"-","DESCRIPTION_RU":"Путешествие на яхте вдоль берегов Испании в компании талантливого Sunsay","DESCRIPTION_EN":"-","COVER_RU":"5584_Sunsay.png","COVER_EN":"-","INNER_NAME_RU":null,"ID_RU":"5584","PRICE":"315 РУБ","AGE":"0+","INNER_NAME_EN":null,"ID_EN":"-","LAND":"Россия","DURATION":"9 минут","PUBLISHER":"Lookport","YEAR":"2019","Id":"6"},{"NAME_RU":"Отрывок с концерта Миши Марвина","NAME_EN":"-","DESCRIPTION_RU":"Миша Марвин в VR. Побывай на концерте в самых лучших местах в зале, насладись любимым артистом и треками.","DESCRIPTION_EN":"-","COVER_RU":"5757_Marvin-part.png","COVER_EN":"-","INNER_NAME_RU":null,"ID_RU":"5757","PRICE":"330 РУБ","AGE":"0+","INNER_NAME_EN":null,"ID_EN":"-","LAND":"Россия","DURATION":"20 минут","PUBLISHER":"Lookport","YEAR":"2020","Id":"7"},{"NAME_RU":"Концерт БИ-2","NAME_EN":"-","DESCRIPTION_RU":"Отрывок из прямой трансляции в формате 360°, состоявшейся при поддержке компаний «Всегда Красиво» и Remagic.studio во время концерта Би-2 с симфоническим оркестром в Кремле 24 марта 2017 года.","DESCRIPTION_EN":"-","COVER_RU":"4052_BI2.png","COVER_EN":"-","INNER_NAME_RU":null,"ID_RU":"4052","PRICE":"315 РУБ","AGE":"6+","INNER_NAME_EN":null,"ID_EN":"-","LAND":"Россия","DURATION":"11 минут","PUBLISHER":"Lookport","YEAR":"2017","Id":"8"},{"NAME_RU":"Время первых","NAME_EN":"-","DESCRIPTION_RU":"Ролик создан к годовщине выхода Алексея Леонова в открытый космос.","DESCRIPTION_EN":"-","COVER_RU":"4730_time of the first.png","COVER_EN":"-","INNER_NAME_RU":null,"ID_RU":"4730","PRICE":"299 РУБ","AGE":"6+","INNER_NAME_EN":null,"ID_EN":"-","LAND":"Россия","DURATION":"4 минуты","PUBLISHER":"CGF","YEAR":"2017","Id":"9"},{"NAME_RU":"Сны Дали","NAME_EN":"-","DESCRIPTION_RU":"Побывайте внутри и за пределами картины Сальвадора Дали «Археологический отголосок „Анжелюса“ Милле» и исследуйте сюрреалистический мир мастера, в завораживающем 360-градусном видео.","DESCRIPTION_EN":"-","COVER_RU":"8047_YT_GoodbySilverstein_Dreams_of_Dali.png","COVER_EN":"-","INNER_NAME_RU":null,"ID_RU":"8047","PRICE":"299 РУБ","AGE":"12+","INNER_NAME_EN":null,"ID_EN":"-","LAND":"США","DURATION":"5 минут","PUBLISHER":"Goodby Silverstein & Partners","YEAR":"2016","Id":"10"},{"NAME_RU":"Астероиды!","NAME_EN":"-","DESCRIPTION_RU":"«АСТЕРОИДЫ!» от режиссера «Мадагаскара» — это сиквел получившего премию Эмми мультфильма «ВТОРЖЕНИЕ!»\n \n Погрузись в новое анимационное космическое путешествие и преодолей различные испытания как член экипажа с инопланетянами Маком и Чиз (озвучивает Элизабет Бэнкс) и их подругой Пиз (озвучивает Ингрид Нильсен).\n \n В этом захватывающем 7-минутном мультфильме с эффектом погружения ты переживешь приключение, полное волнения, юмора и сопереживания. Ты будешь выполнять миссию в дальнем космосе и налаживать контакты с другими персонажами совсем как в реальной жизни!","DESCRIPTION_EN":"-","COVER_RU":"5950_YT_Baobab_ASTEROIDS!_EN.png","COVER_EN":"-","INNER_NAME_RU":null,"ID_RU":"5950","PRICE":"315 РУБ","AGE":"6+","INNER_NAME_EN":null,"ID_EN":"-","LAND":"США","DURATION":"7 минут","PUBLISHER":"Baobab Studios","YEAR":"2017","Id":"11"},{"NAME_RU":"Оно","NAME_EN":"-","DESCRIPTION_RU":"Зайди в канализацию города Дерри, повстречайся с клоуном Пеннивайз и почувствуй каково это — улететь в мир злого клоуна!","DESCRIPTION_EN":"-","COVER_RU":"5916_YT_WarnerBr_IT_RU.png","COVER_EN":"-","INNER_NAME_RU":null,"ID_RU":"5916","PRICE":"299 РУБ","AGE":"18+","INNER_NAME_EN":null,"ID_EN":"-","LAND":"США","DURATION":"5 минут","PUBLISHER":"Live Entertainment","YEAR":"2017","Id":"12"},{"NAME_RU":"Gorillaz","NAME_EN":"-","DESCRIPTION_RU":"Клип Gorillaz - Saturnz Barz, в формате 360. Побывай с доме с призраками вместе с членами группы","DESCRIPTION_EN":"-","COVER_RU":"5987_YT_PassionPA_Gorillaz_SaturnzBarz_EN.png","COVER_EN":"-","INNER_NAME_RU":null,"ID_RU":"5987","PRICE":"299 РУБ","AGE":"16+","INNER_NAME_EN":null,"ID_EN":"-","LAND":"США","DURATION":"6 минут","PUBLISHER":"Passion Pictures Animation /\n Google Spotlight Stories","YEAR":"2017","Id":"13"},{"NAME_RU":"Помоги","NAME_EN":"-","DESCRIPTION_RU":"От режиссера \"Форсажа” и \"Звездный путь за гранью\".\n Эта история происходит в центре Лос-Анджелеса. Метеоритный дождь оставляет странное существо на улицах Чайнатауна. Вокруг паника и страх. Но молодая женщина и полицейский решают выбраться во что бы то ни стало.","DESCRIPTION_EN":"-","COVER_RU":"8514_YT_GoogleStories_HELP_EN.png","COVER_EN":"-","INNER_NAME_RU":null,"ID_RU":"8514","PRICE":"299 РУБ","AGE":"16+","INNER_NAME_EN":null,"ID_EN":"-","LAND":"США","DURATION":"5 минут","PUBLISHER":"Google Spotlight Stories","YEAR":"2016","Id":"14"},{"NAME_RU":"Вторжение!","NAME_EN":"-","DESCRIPTION_RU":"От режиссера Мадагаскара, красочная VR-история о Маке и Чизе, двух неуклюжих инопланетянах с грандиозными амбициями захватить весь мир. Вместо этого им мешают два очаровательных кролика. Один из которых ты.","DESCRIPTION_EN":"-","COVER_RU":"6698_YT_Baobab_INVASION!_EN.png","COVER_EN":"-","INNER_NAME_RU":null,"ID_RU":"6698","PRICE":"299 РУБ","AGE":"6+","INNER_NAME_EN":null,"ID_EN":"-","LAND":"США","DURATION":"6 минут","PUBLISHER":"Baobab Studios","YEAR":"2017","Id":"15"},{"NAME_RU":"Куми-Куми","NAME_EN":"-","DESCRIPTION_RU":"Мир Куми-Куми делят между собой три необычных племени: колдуны, ученые и военные. Главные герои сериала - Джуга, Юси и Шумадан - происходят из разных племен, но это не мешает их дружбе. Вместе они попадают в самые невероятные истории.","DESCRIPTION_EN":"-","COVER_RU":"5578_YT_Toonbox_Qumi_Qumi.png","COVER_EN":"-","INNER_NAME_RU":null,"ID_RU":"5578","PRICE":"315 РУБ","AGE":"12+","INNER_NAME_EN":null,"ID_EN":"-","LAND":"США","DURATION":"7 минут","PUBLISHER":"Toonbox","YEAR":"2017","Id":"16"},{"NAME_RU":"Дикая Природа: Животные Земли","NAME_EN":"-","DESCRIPTION_RU":"Дикие животные планеты в естественной среде обитания на расстоянии вытянутой руки. В реальной жизни так близко к ним не подойти. Самые захватывающие и незабываемые ощущения гарантированы.","DESCRIPTION_EN":"-","COVER_RU":"6026_YT_Wild_Animals.png","COVER_EN":"-","INNER_NAME_RU":null,"ID_RU":"6026","PRICE":"299 РУБ","AGE":"12+","INNER_NAME_EN":null,"ID_EN":"-","LAND":"США","DURATION":"6 минут","PUBLISHER":"wildlife protection solutions","YEAR":"2020","Id":"17"},{"NAME_RU":"Первый Шаг","NAME_EN":"-","DESCRIPTION_RU":"Первый шаг - это захватывающее дух путешествие в космос по следам миссий Аполлона, от запуска ракеты до их возвращения на Землю. Это одновременно и документальный фильм в виртуальной реальности, и сказка, рассказывающая волшебную историю о сбывшейся мечте: миссии «Аполлон». Испытайте поездку на лифте, когда вы поднимаетесь вместе с дымящейся ракетой, а затем загляните внутрь тесной капсулы командного модуля.","DESCRIPTION_EN":"-","COVER_RU":"9001_1stStep_4K.png","COVER_EN":"-","INNER_NAME_RU":null,"ID_RU":"9001","PRICE":"330 РУБ","AGE":"10+","INNER_NAME_EN":null,"ID_EN":"-","LAND":"Германия","DURATION":"14 минут","PUBLISHER":"Faber Courtial","YEAR":"2019","Id":"18"},{"NAME_RU":"Кижи","NAME_EN":"-","DESCRIPTION_RU":"Карельский остров Кижи — это древняя земля с богатой историей. Именно здесь находится одно из самых больших и сложных традиционных деревянных сооружений на планете — Преображенская церковь. В фильмах мы прикоснёмся к древним преданиям, ремёслам и искусствам, познакомимся с образцами старинного деревянного зодчества: на Кижи свезены дома, храмы и множество других исторических построек.","DESCRIPTION_EN":"-","COVER_RU":"9002_Kizhi.mp4","COVER_EN":"-","INNER_NAME_RU":null,"ID_RU":"9002","PRICE":"315 РУБ","AGE":"12+","INNER_NAME_EN":null,"ID_EN":"-","LAND":"Россия","DURATION":"12 минут","PUBLISHER":"AirPano","YEAR":"2019","Id":"19"},{"NAME_RU":"Эверест","NAME_EN":"-","DESCRIPTION_RU":"Погрузитесь в путешествие на самую знаменитую гору мира. Отправьтесь на восхождение вместе с командой альпинистов. \n Эверест VR - это самое реалистичное, что может получить большинство людей, которые хотят увидеть эту гору.","DESCRIPTION_EN":"-","COVER_RU":"9003_EVEREST.mp4","COVER_EN":"-","INNER_NAME_RU":null,"ID_RU":"9003","PRICE":"315 РУБ","AGE":"12+","INNER_NAME_EN":null,"ID_EN":"-","LAND":"США","DURATION":"12 минут","PUBLISHER":"GeorgeMolodz","YEAR":"2019","Id":"20"},{"NAME_RU":"Хореку","NAME_EN":"-","DESCRIPTION_RU":"VR-фильм, посвященный жизни ненецких кочевников-оленеводов. Полное погружение в повседневную жизнь семьи ненецких кочевников с точки зрения их любимых домашних питомцев – белых оленей «хореку».","DESCRIPTION_EN":"-","COVER_RU":"9004_Horecu.mp4","COVER_EN":"-","INNER_NAME_RU":null,"ID_RU":"9004","PRICE":"330 РУБ","AGE":"12+","INNER_NAME_EN":null,"ID_EN":"-","LAND":"Россия","DURATION":"23 минуты","PUBLISHER":"GeorgeMolodz","YEAR":"2020","Id":"21"},{"NAME_RU":"Муравьи","NAME_EN":"-","DESCRIPTION_RU":"Почувствуете себя маленьким муравьём и погрузитесь в волшебное путешествие вместе с другими муравьями.","DESCRIPTION_EN":"-","COVER_RU":"9005_VR_ANTS.mp4","COVER_EN":"-","INNER_NAME_RU":null,"ID_RU":"9005","PRICE":"299 РУБ","AGE":"0+","INNER_NAME_EN":null,"ID_EN":"-","LAND":"Россия","DURATION":"4 минуты","PUBLISHER":"GeorgeMolodz","YEAR":"2019","Id":"22"},{"NAME_RU":"Иследователи Космоса","NAME_EN":"-","DESCRIPTION_RU":"Иследователи Космоса - это иммерсивный фильм, удостоенный премии Primetime Emmy, полностью снятый в космосе на борту Международной космической станции.\n Кадры, снятые во время полета на высоте 250 миль над землей с непостижимой скоростью 17 500 миль в час, дают зрителям уникальный взгляд на нашу планету, а также на космонавтов, которые посвятили себя выполнению этой важной работы.","DESCRIPTION_EN":"-","COVER_RU":"9006_Space_Explorers.mp4","COVER_EN":"-","INNER_NAME_RU":null,"ID_RU":"9006","PRICE":"330 РУБ","AGE":"12+","INNER_NAME_EN":null,"ID_EN":"-","LAND":"США","DURATION":"29 минуты","PUBLISHER":"GeorgeMolodz","YEAR":"2019","Id":"23"},{"NAME_RU":"Вулканы Камчатки","NAME_EN":"-","DESCRIPTION_RU":"Вы увидите величественные вулканы Камчатки, Долину гейзеров, горячие ключи и ледники, а также глубокие и узкие каньоны Камчаки.","DESCRIPTION_EN":"-","COVER_RU":"1240_ZZ_Kamchatka_RUS_360","COVER_EN":"-","INNER_NAME_RU":null,"ID_RU":"1240","PRICE":"299 РУБ","AGE":"4+","INNER_NAME_EN":null,"ID_EN":"-","LAND":"Россия","DURATION":"6 минут","PUBLISHER":"Planetpics","YEAR":"2017","Id":"24"}]